Ne	ngen	s_true	init	method	pos_HDI	pos_den	strue	est
10000	340	0.02	0.1	approxwf	TRUE	TRUE	TRUE	0.0139980505656653
10000	340	0.02	0.1	approxwf	TRUE	TRUE	TRUE	0.0281158598693807
10000	340	0.02	0.1	approxwf	TRUE	TRUE	TRUE	0.0200256285267336
10000	340	0.02	0.1	approxwf	TRUE	TRUE	TRUE	0.0257883865933897
10000	340	0.02	0.1	approxwf	TRUE	TRUE	TRUE	0.0138002585258263
10000	340	0.02	0.1	approxwf	FALSE	TRUE	TRUE	0.0126769833569224
10000	340	0.02	0.1	approxwf	TRUE	TRUE	TRUE	0.0209701583031324
10000	340	0.02	0.1	approxwf	TRUE	TRUE	TRUE	0.0262124531259265
10000	340	0.02	0.1	approxwf	TRUE	TRUE	TRUE	0.0276098891943161
10000	340	0.02	0.1	approxwf	TRUE	TRUE	TRUE	0.0138292931023698
10000	340	0.02	0.1	approxwf	TRUE	TRUE	TRUE	0.0253241892116056
10000	340	0.02	0.1	approxwf	TRUE	TRUE	TRUE	0.0136150398141984
10000	340	0.02	0.1	approxwf	FALSE	TRUE	TRUE	0.0118031561677885
10000	340	0.02	0.1	approxwf	TRUE	TRUE	TRUE	0.021671668537624
10000	340	0.02	0.1	approxwf	FALSE	TRUE	TRUE	0.0111222933243496
10000	340	0.02	0.1	approxwf	TRUE	TRUE	TRUE	0.0231290215204303
10000	340	0.02	0.1	approxwf	TRUE	TRUE	TRUE	0.0201106255073871
10000	340	0.02	0.1	approxwf	TRUE	TRUE	TRUE	0.0216228916139535
10000	340	0.02	0.1	approxwf	FALSE	TRUE	TRUE	0.0124958791153121
10000	340	0.02	0.1	approxwf	TRUE	TRUE	TRUE	0.0228909772764496
10000	340	0.02	0.1	approxwf	TRUE	TRUE	TRUE	0.0212105155579785
10000	340	0.02	0.1	approxwf	TRUE	TRUE	TRUE	0.0190381823583337
10000	340	0.02	0.1	approxwf	FALSE	FALSE	TRUE	0.0111360746663716
10000	340	0.02	0.1	approxwf	FALSE	TRUE	TRUE	0.0120893904889134
10000	340	0.02	0.1	approxwf	TRUE	TRUE	TRUE	0.0200565133797382
10000	340	0.02	0.1	approxwf	TRUE	TRUE	TRUE	0.0374532337443701
10000	340	0.02	0.1	approxwf	TRUE	TRUE	TRUE	0.012933822371491
10000	340	0.02	0.1	approxwf	TRUE	TRUE	TRUE	0.0248783946599213
10000	340	0.02	0.1	approxwf	TRUE	TRUE	TRUE	0.0193045392681078
10000	340	0.02	0.1	approxwf	TRUE	TRUE	TRUE	0.0171934890835336
10000	340	0.02	0.1	approxwf	TRUE	TRUE	TRUE	0.0201279979510022
10000	340	0.02	0.1	approxwf	FALSE	TRUE	TRUE	0.0118760079897786
10000	340	0.02	0.1	approxwf	FALSE	TRUE	TRUE	0.0129500866054798
10000	340	0.02	0.1	approxwf	FALSE	FALSE	FALSE	0.00422431909611305
10000	340	0.02	0.1	approxwf	FALSE	TRUE	TRUE	0.0116197610458322
10000	340	0.02	0.1	approxwf	TRUE	TRUE	TRUE	0.0236019604909425
10000	340	0.02	0.1	approxwf	TRUE	TRUE	TRUE	0.0173341807185646
10000	340	0.02	0.1	approxwf	FALSE	FALSE	TRUE	0.00606247582704777
10000	340	0.02	0.1	approxwf	FALSE	FALSE	TRUE	0.00858661398889497
10000	340	0.02	0.1	approxwf	TRUE	TRUE	TRUE	0.0160037920183766
10000	340	0.02	0.1	approxwf	TRUE	TRUE	TRUE	0.0143329436665366
10000	340	0.02	0.1	approxwf	FALSE	FALSE	TRUE	0.00739451590411637
10000	340	0.02	0.1	approxwf	TRUE	TRUE	TRUE	0.0261913328893448
10000	340	0.02	0.1	approxwf	TRUE	TRUE	TRUE	0.015757513916547
10000	340	0.02	0.1	approxwf	TRUE	TRUE	TRUE	0.0148610964578105
10000	340	0.02	0.1	approxwf	TRUE	TRUE	TRUE	0.0215122130961378
10000	340	0.02	0.1	approxwf	TRUE	TRUE	TRUE	0.0178990274243111
10000	340	0.02	0.1	approxwf	TRUE	TRUE	TRUE	0.0237481249096556
10000	340	0.02	0.1	approxwf	TRUE	TRUE	TRUE	0.014725101360544
10000	340	0.02	0.1	approxwf	TRUE	TRUE	TRUE	0.0188771859713666
10000	340	0.02	0.1	approxwf	FALSE	TRUE	TRUE	0.013586922190559
10000	340	0.02	0.1	approxwf	FALSE	TRUE	TRUE	0.0106516131337032
10000	340	0.02	0.1	approxwf	TRUE	TRUE	TRUE	0.0162725727051122
10000	340	0.02	0.1	approxwf	FALSE	TRUE	TRUE	0.0110520190603766
10000	340	0.02	0.1	approxwf	FALSE	TRUE	TRUE	0.0118787490695232
10000	340	0.02	0.1	approxwf	FALSE	FALSE	TRUE	0.0093285843291658
10000	340	0.02	0.1	approxwf	TRUE	TRUE	TRUE	0.0223503296116062
10000	340	0.02	0.1	approxwf	TRUE	TRUE	TRUE	0.0231030343449952
10000	340	0.02	0.1	approxwf	TRUE	TRUE	TRUE	0.0140487988541576
10000	340	0.02	0.1	approxwf	TRUE	TRUE	TRUE	0.0201829611366342
10000	340	0.02	0.1	approxwf	TRUE	TRUE	TRUE	0.0226050289352647
10000	340	0.02	0.1	approxwf	TRUE	TRUE	TRUE	0.0240792830210616
10000	340	0.02	0.1	approxwf	TRUE	TRUE	TRUE	0.0199004560082775
10000	340	0.02	0.1	approxwf	TRUE	TRUE	TRUE	0.0202654857469205
10000	340	0.02	0.1	approxwf	TRUE	TRUE	TRUE	0.0224785631950401
10000	340	0.02	0.1	approxwf	TRUE	TRUE	TRUE	0.0273548624439455
10000	340	0.02	0.1	approxwf	FALSE	FALSE	TRUE	0.00909595584164893
10000	340	0.02	0.1	approxwf	FALSE	FALSE	TRUE	0.00855440531474041
10000	340	0.02	0.1	approxwf	TRUE	TRUE	TRUE	0.0234316305598276
10000	340	0.02	0.1	approxwf	TRUE	TRUE	TRUE	0.0175437871083227
10000	340	0.02	0.1	approxwf	TRUE	TRUE	TRUE	0.0267204910623732
10000	340	0.02	0.1	approxwf	TRUE	TRUE	TRUE	0.0279271154157772
10000	340	0.02	0.1	approxwf	TRUE	TRUE	TRUE	0.0217100975886259
10000	340	0.02	0.1	approxwf	TRUE	TRUE	TRUE	0.027354723344703
10000	340	0.02	0.1	approxwf	TRUE	TRUE	TRUE	0.0167586410484513
10000	340	0.02	0.1	approxwf	FALSE	TRUE	TRUE	0.0115360181276318
10000	340	0.02	0.1	approxwf	FALSE	FALSE	TRUE	0.0101173098843679
10000	340	0.02	0.1	approxwf	TRUE	TRUE	TRUE	0.0242576499201427
10000	340	0.02	0.1	approxwf	TRUE	TRUE	TRUE	0.0175517348248159
10000	340	0.02	0.1	approxwf	TRUE	TRUE	TRUE	0.0219334366937104
10000	340	0.02	0.1	approxwf	TRUE	TRUE	TRUE	0.021390003324721
10000	340	0.02	0.1	approxwf	TRUE	TRUE	TRUE	0.0223705154065501
10000	340	0.02	0.1	approxwf	TRUE	TRUE	TRUE	0.0276323049525314
10000	340	0.02	0.1	approxwf	TRUE	TRUE	TRUE	0.0256935229284498
10000	340	0.02	0.1	approxwf	TRUE	TRUE	TRUE	0.0214669370786122
10000	340	0.02	0.1	approxwf	TRUE	TRUE	TRUE	0.0229659456380354
10000	340	0.02	0.1	approxwf	TRUE	TRUE	TRUE	0.0219268281119253
10000	340	0.02	0.1	approxwf	TRUE	TRUE	TRUE	0.0160749604930685
10000	340	0.02	0.1	approxwf	TRUE	TRUE	TRUE	0.029813821159076
10000	340	0.02	0.1	approxwf	TRUE	TRUE	TRUE	0.0158046056154403
10000	340	0.02	0.1	approxwf	TRUE	TRUE	TRUE	0.0176100203185489
10000	340	0.02	0.1	approxwf	FALSE	TRUE	TRUE	0.0113451267508509
10000	340	0.02	0.1	approxwf	TRUE	TRUE	TRUE	0.0223334490517763
10000	340	0.02	0.1	approxwf	TRUE	TRUE	TRUE	0.0189270980316906
10000	340	0.02	0.1	approxwf	TRUE	TRUE	TRUE	0.0142492968055051
10000	340	0.02	0.1	approxwf	FALSE	TRUE	TRUE	0.0102890844900263
10000	340	0.02	0.1	approxwf	TRUE	TRUE	TRUE	0.0125930407474645
10000	340	0.02	0.1	approxwf	TRUE	TRUE	TRUE	0.0156250367626237
10000	340	0.02	0.1	approxwf	TRUE	TRUE	TRUE	0.0226135250581452
10000	340	0.02	0.1	approxwf	TRUE	TRUE	TRUE	0.0211777576854307
10000	340	0.02	0.1	approxwf	TRUE	TRUE	TRUE	0.0185677035487778
10000	340	0.02	0.1	approxwf	TRUE	TRUE	TRUE	0.0177043588626808
10000	340	0.02	0.1	approxwf	TRUE	TRUE	TRUE	0.0326130019666572
10000	340	0.02	0.1	approxwf	FALSE	FALSE	TRUE	0.00852431052211586
10000	340	0.02	0.1	approxwf	FALSE	TRUE	TRUE	0.0121052145926819
10000	340	0.02	0.1	approxwf	TRUE	TRUE	TRUE	0.0219037707531898
10000	340	0.02	0.1	approxwf	TRUE	TRUE	TRUE	0.0136998800391102
10000	340	0.02	0.1	approxwf	TRUE	TRUE	TRUE	0.0258732517361817
10000	340	0.02	0.1	approxwf	FALSE	TRUE	TRUE	0.0108509312428344
10000	340	0.02	0.1	approxwf	TRUE	TRUE	TRUE	0.015202140200654
10000	340	0.02	0.1	approxwf	TRUE	TRUE	TRUE	0.0180020903811405
10000	340	0.02	0.1	approxwf	FALSE	FALSE	TRUE	0.00778335649049204
10000	340	0.02	0.1	approxwf	TRUE	TRUE	TRUE	0.0275530513396488
10000	340	0.02	0.1	approxwf	TRUE	TRUE	TRUE	0.0161995726900489
10000	340	0.02	0.1	approxwf	TRUE	TRUE	TRUE	0.0237335424357197
10000	340	0.02	0.1	approxwf	TRUE	TRUE	TRUE	0.0147063838261877
10000	340	0.02	0.1	approxwf	FALSE	FALSE	TRUE	0.0106651380279053
10000	340	0.02	0.1	approxwf	TRUE	TRUE	TRUE	0.0139830804189183
10000	340	0.02	0.1	approxwf	FALSE	TRUE	TRUE	0.0113629184527258
10000	340	0.02	0.1	approxwf	TRUE	TRUE	TRUE	0.0279682826050276
10000	340	0.02	0.1	approxwf	TRUE	TRUE	TRUE	0.0163394372787391
10000	340	0.02	0.1	approxwf	TRUE	TRUE	TRUE	0.021448464310896
10000	340	0.02	0.1	approxwf	FALSE	TRUE	TRUE	0.0140917233546587
10000	340	0.02	0.1	approxwf	FALSE	TRUE	TRUE	0.0115735639142499
10000	340	0.02	0.1	approxwf	FALSE	TRUE	TRUE	0.0121685328340649
10000	340	0.02	0.1	approxwf	FALSE	TRUE	TRUE	0.0128849181513173
10000	340	0.02	0.1	approxwf	FALSE	FALSE	TRUE	0.0104430765117675
10000	340	0.02	0.1	approxwf	TRUE	TRUE	TRUE	0.0152193710297306
10000	340	0.02	0.1	approxwf	TRUE	TRUE	TRUE	0.0215790319415619
10000	340	0.02	0.1	approxwf	TRUE	TRUE	TRUE	0.014647427973151
10000	340	0.02	0.1	approxwf	TRUE	TRUE	TRUE	0.0288454628550113
10000	340	0.02	0.1	approxwf	FALSE	TRUE	TRUE	0.0104830305959714
10000	340	0.02	0.1	approxwf	FALSE	TRUE	TRUE	0.0104789500737217
10000	340	0.02	0.1	approxwf	TRUE	TRUE	TRUE	0.0156203252366296
10000	340	0.02	0.1	approxwf	FALSE	FALSE	TRUE	0.0111256676341388
10000	340	0.02	0.1	approxwf	TRUE	TRUE	TRUE	0.0362042718543234
10000	340	0.02	0.1	approxwf	TRUE	TRUE	TRUE	0.0143360526939596
10000	340	0.02	0.1	approxwf	TRUE	TRUE	TRUE	0.0138163901176198
10000	340	0.02	0.1	approxwf	FALSE	TRUE	TRUE	0.011862058385008
10000	340	0.02	0.1	approxwf	TRUE	TRUE	TRUE	0.0203682101852705
10000	340	0.02	0.1	approxwf	TRUE	TRUE	TRUE	0.0191097476454587
10000	340	0.02	0.1	approxwf	FALSE	TRUE	TRUE	0.0109236615966905
10000	340	0.02	0.1	approxwf	TRUE	TRUE	TRUE	0.0212456288725089
10000	340	0.02	0.1	approxwf	TRUE	TRUE	TRUE	0.019423565921336
10000	340	0.02	0.1	approxwf	FALSE	FALSE	TRUE	0.00646449703878033
10000	340	0.02	0.1	approxwf	TRUE	TRUE	TRUE	0.0179166878771461
10000	340	0.02	0.1	approxwf	TRUE	TRUE	TRUE	0.0211345090165699
10000	340	0.02	0.1	approxwf	FALSE	FALSE	TRUE	0.00839098468889498
10000	340	0.02	0.1	approxwf	TRUE	TRUE	TRUE	0.0172231897476326
10000	340	0.02	0.1	approxwf	TRUE	TRUE	TRUE	0.0234254981397635
10000	340	0.02	0.1	approxwf	TRUE	TRUE	TRUE	0.0141980812176521
10000	340	0.02	0.1	approxwf	TRUE	TRUE	TRUE	0.0192185038560579
10000	340	0.02	0.1	approxwf	TRUE	TRUE	TRUE	0.0179008619642509
10000	340	0.02	0.1	approxwf	FALSE	FALSE	TRUE	0.00958146974527362
10000	340	0.02	0.1	approxwf	TRUE	TRUE	TRUE	0.0291917182436256
10000	340	0.02	0.1	approxwf	FALSE	FALSE	TRUE	0.0103159923804919
10000	340	0.02	0.1	approxwf	FALSE	TRUE	TRUE	0.0110696022552557
10000	340	0.02	0.1	approxwf	TRUE	TRUE	TRUE	0.0169121826031382
10000	340	0.02	0.1	approxwf	FALSE	FALSE	TRUE	0.0069934237818193
10000	340	0.02	0.1	approxwf	TRUE	TRUE	TRUE	0.0195341723456748
10000	340	0.02	0.1	approxwf	TRUE	TRUE	TRUE	0.015486984330008
10000	340	0.02	0.1	approxwf	TRUE	TRUE	TRUE	0.0179154042100861
10000	340	0.02	0.1	approxwf	TRUE	TRUE	TRUE	0.0178527311916498
10000	340	0.02	0.1	approxwf	TRUE	TRUE	TRUE	0.0155040252976214
10000	340	0.02	0.1	approxwf	TRUE	TRUE	TRUE	0.0214384634654932
10000	340	0.02	0.1	approxwf	FALSE	FALSE	TRUE	0.00612991849174795
10000	340	0.02	0.1	approxwf	TRUE	TRUE	TRUE	0.0221800676597735
10000	340	0.02	0.1	approxwf	TRUE	TRUE	TRUE	0.0192269989450164
10000	340	0.02	0.1	approxwf	TRUE	TRUE	TRUE	0.0171361483691412
10000	340	0.02	0.1	approxwf	TRUE	TRUE	TRUE	0.0140398374238853
10000	340	0.02	0.1	approxwf	FALSE	FALSE	TRUE	0.00979630542564037
10000	340	0.02	0.1	approxwf	TRUE	TRUE	TRUE	0.0207161245989206
10000	340	0.02	0.1	approxwf	FALSE	TRUE	TRUE	0.0116224556280905
10000	340	0.02	0.1	approxwf	TRUE	TRUE	TRUE	0.0249695955308119
10000	340	0.02	0.1	approxwf	TRUE	TRUE	TRUE	0.0315119106982407
10000	340	0.02	0.1	approxwf	FALSE	FALSE	TRUE	0.00995223269778395
10000	340	0.02	0.1	approxwf	TRUE	TRUE	TRUE	0.0244056286306753
10000	340	0.02	0.1	approxwf	FALSE	TRUE	TRUE	0.0143538931460409
10000	340	0.02	0.1	approxwf	FALSE	FALSE	TRUE	0.00892047076978369
10000	340	0.02	0.1	approxwf	TRUE	TRUE	TRUE	0.0157087591172163
10000	340	0.02	0.1	approxwf	FALSE	FALSE	TRUE	0.00811675798556937
10000	340	0.02	0.1	approxwf	FALSE	TRUE	TRUE	0.00974414608645389
10000	340	0.02	0.1	approxwf	FALSE	TRUE	TRUE	0.0125362667522673
10000	340	0.02	0.1	approxwf	FALSE	TRUE	TRUE	0.011790566315288
10000	340	0.02	0.1	approxwf	TRUE	TRUE	TRUE	0.0205606144176427
10000	340	0.02	0.1	approxwf	TRUE	TRUE	TRUE	0.0197554914625947
10000	340	0.02	0.1	approxwf	TRUE	TRUE	TRUE	0.0210543379851823
10000	340	0.02	0.1	approxwf	TRUE	TRUE	TRUE	0.0142834336507637
10000	340	0.02	0.1	approxwf	TRUE	TRUE	TRUE	0.0188483741043606
10000	340	0.02	0.1	approxwf	FALSE	TRUE	TRUE	0.0154891507995453
10000	340	0.02	0.1	approxwf	TRUE	TRUE	TRUE	0.0134184405782678
10000	340	0.02	0.1	approxwf	TRUE	TRUE	TRUE	0.0163282261542142
10000	340	0.02	0.1	approxwf	TRUE	TRUE	TRUE	0.0228681961292173
10000	340	0.02	0.1	approxwf	TRUE	TRUE	TRUE	0.0195632377008307
10000	340	0.02	0.1	approxwf	TRUE	TRUE	TRUE	0.0278113352212667
10000	340	0.02	0.1	approxwf	FALSE	FALSE	TRUE	0.00789559610523942
10000	340	0.02	0.1	approxwf	TRUE	TRUE	TRUE	0.018110018103819
10000	340	0.02	0.1	approxwf	TRUE	TRUE	TRUE	0.0146025419096667
10000	340	0.02	0.1	approxwf	TRUE	TRUE	TRUE	0.0119972536155755
10000	340	0.02	0.1	approxwf	TRUE	TRUE	TRUE	0.0282114115990774
10000	340	0.02	0.1	approxwf	TRUE	TRUE	TRUE	0.0129878914322995
10000	340	0.02	0.1	approxwf	TRUE	TRUE	TRUE	0.0185789052489835
10000	340	0.02	0.1	approxwf	TRUE	TRUE	TRUE	0.0122959511162997
10000	340	0.02	0.1	approxwf	TRUE	TRUE	TRUE	0.0170316555483043
10000	340	0.02	0.1	approxwf	FALSE	TRUE	TRUE	0.012058344686434
10000	340	0.02	0.1	approxwf	TRUE	TRUE	TRUE	0.0139745721747974
10000	340	0.02	0.1	approxwf	TRUE	TRUE	TRUE	0.0276169484465581
10000	340	0.02	0.1	approxwf	TRUE	TRUE	TRUE	0.0197978713928168
10000	340	0.02	0.1	approxwf	TRUE	TRUE	TRUE	0.0155939354498881
10000	340	0.02	0.1	approxwf	TRUE	TRUE	TRUE	0.0165320265378527
10000	340	0.02	0.1	approxwf	TRUE	TRUE	TRUE	0.0234885355983845
10000	340	0.02	0.1	approxwf	FALSE	TRUE	TRUE	0.0130326445988792
10000	340	0.02	0.1	approxwf	TRUE	TRUE	TRUE	0.0137130422530954
10000	340	0.02	0.1	approxwf	FALSE	FALSE	TRUE	0.00617115982669301
10000	340	0.02	0.1	approxwf	FALSE	FALSE	TRUE	0.00942849726835266
10000	340	0.02	0.1	approxwf	TRUE	TRUE	TRUE	0.0209546385607965
10000	340	0.02	0.1	approxwf	FALSE	FALSE	TRUE	0.00509855876624931
10000	340	0.02	0.1	approxwf	TRUE	TRUE	TRUE	0.0144157612308322
10000	340	0.02	0.1	approxwf	TRUE	TRUE	TRUE	0.0140070282848702
10000	340	0.02	0.1	approxwf	FALSE	FALSE	TRUE	0.00878777999096826
10000	340	0.02	0.1	approxwf	FALSE	TRUE	TRUE	0.0123169622116175
10000	340	0.02	0.1	approxwf	TRUE	TRUE	TRUE	0.0137795510321501
10000	340	0.02	0.1	approxwf	TRUE	TRUE	TRUE	0.0136688074520918
10000	340	0.02	0.1	approxwf	TRUE	TRUE	TRUE	0.0235396534891526
10000	340	0.02	0.1	approxwf	TRUE	TRUE	TRUE	0.0144793576418558
10000	340	0.02	0.1	approxwf	FALSE	TRUE	TRUE	0.0130774502543572
10000	340	0.02	0.1	approxwf	TRUE	TRUE	TRUE	0.0151409172762241
10000	340	0.02	0.1	approxwf	TRUE	TRUE	TRUE	0.0179969245813826
10000	340	0.02	0.1	approxwf	FALSE	TRUE	TRUE	0.0115824578536284
10000	340	0.02	0.1	approxwf	TRUE	TRUE	TRUE	0.0397790693418331
10000	340	0.02	0.1	approxwf	TRUE	TRUE	TRUE	0.0148551140148348
10000	340	0.02	0.1	approxwf	TRUE	TRUE	TRUE	0.0274438941520271
10000	340	0.02	0.1	approxwf	TRUE	TRUE	TRUE	0.0169828517920551
10000	340	0.02	0.1	approxwf	TRUE	TRUE	TRUE	0.0271533066244128
10000	340	0.02	0.1	approxwf	TRUE	TRUE	TRUE	0.0229193948278574
10000	340	0.02	0.1	approxwf	FALSE	FALSE	TRUE	0.0106925238530898
10000	340	0.02	0.1	approxwf	TRUE	TRUE	TRUE	0.0171077728625828
10000	340	0.02	0.1	approxwf	TRUE	TRUE	TRUE	0.0183845523725891
10000	340	0.02	0.1	approxwf	TRUE	TRUE	TRUE	0.0235775661797692
10000	340	0.02	0.1	approxwf	FALSE	FALSE	TRUE	0.00616290904551278
10000	340	0.02	0.1	approxwf	TRUE	TRUE	TRUE	0.0204658810124797
10000	340	0.02	0.1	approxwf	TRUE	TRUE	TRUE	0.0209800300005839
10000	340	0.02	0.1	approxwf	TRUE	TRUE	TRUE	0.0149118947479244
10000	340	0.02	0.1	approxwf	FALSE	FALSE	FALSE	0.00479809964240839
10000	340	0.02	0.1	approxwf	TRUE	TRUE	TRUE	0.0170112382210573
10000	340	0.02	0.1	approxwf	TRUE	TRUE	TRUE	0.0151658140586556
10000	340	0.02	0.1	approxwf	TRUE	TRUE	TRUE	0.0294319204069008
10000	340	0.02	0.1	approxwf	FALSE	FALSE	TRUE	0.0081653478928095
10000	340	0.02	0.1	approxwf	TRUE	TRUE	TRUE	0.0237561942585035
10000	340	0.02	0.1	approxwf	TRUE	TRUE	TRUE	0.0252376216674403
10000	340	0.02	0.1	approxwf	TRUE	TRUE	TRUE	0.0139009215546546
10000	340	0.02	0.1	approxwf	TRUE	TRUE	TRUE	0.02421424317757
10000	340	0.02	0.1	approxwf	FALSE	FALSE	TRUE	0.00957229477552454
10000	340	0.02	0.1	approxwf	TRUE	TRUE	TRUE	0.0149362427919269
10000	340	0.02	0.1	approxwf	FALSE	TRUE	TRUE	0.0115460275614348
10000	340	0.02	0.1	approxwf	TRUE	TRUE	TRUE	0.0215972613195191
10000	340	0.02	0.1	approxwf	TRUE	TRUE	TRUE	0.0191001807331446
10000	340	0.02	0.1	approxwf	FALSE	FALSE	TRUE	0.00643991604265798
10000	340	0.02	0.1	approxwf	FALSE	FALSE	TRUE	0.00860272954977023
10000	340	0.02	0.1	approxwf	FALSE	TRUE	TRUE	0.0118795982411505
10000	340	0.02	0.1	approxwf	TRUE	TRUE	TRUE	0.0167729133258392
10000	340	0.02	0.1	approxwf	FALSE	TRUE	TRUE	0.0101985862160922
10000	340	0.02	0.1	approxwf	TRUE	TRUE	TRUE	0.0173440235641875
10000	340	0.02	0.1	approxwf	TRUE	TRUE	TRUE	0.01562343659536
10000	340	0.02	0.1	approxwf	TRUE	TRUE	TRUE	0.0224677086182133
10000	340	0.02	0.1	approxwf	FALSE	FALSE	FALSE	0.0039936812157467
10000	340	0.02	0.1	approxwf	TRUE	TRUE	TRUE	0.0173982481098386
10000	340	0.02	0.1	approxwf	TRUE	TRUE	TRUE	0.0238453248434439
10000	340	0.02	0.1	approxwf	FALSE	FALSE	TRUE	0.0100445027978971
10000	340	0.02	0.1	approxwf	TRUE	TRUE	TRUE	0.0285992488002795
10000	340	0.02	0.1	approxwf	TRUE	TRUE	TRUE	0.019469484406478
10000	340	0.02	0.1	approxwf	TRUE	TRUE	TRUE	0.0165036597227462
10000	340	0.02	0.1	approxwf	FALSE	FALSE	TRUE	0.00590932412043708
10000	340	0.02	0.1	approxwf	TRUE	TRUE	TRUE	0.0174123931476716
10000	340	0.02	0.1	approxwf	TRUE	TRUE	TRUE	0.0242874104593912
10000	340	0.02	0.1	approxwf	TRUE	TRUE	TRUE	0.0188018788370565
10000	340	0.02	0.1	approxwf	FALSE	FALSE	FALSE	0.00368784167439969
10000	340	0.02	0.1	approxwf	TRUE	TRUE	TRUE	0.0167006204620551
10000	340	0.02	0.1	approxwf	TRUE	TRUE	TRUE	0.0158618428092797
10000	340	0.02	0.1	approxwf	FALSE	FALSE	TRUE	0.00826633119731936
10000	340	0.02	0.1	approxwf	TRUE	TRUE	TRUE	0.0224467677273433
10000	340	0.02	0.1	approxwf	FALSE	TRUE	TRUE	0.0125823018681045
10000	340	0.02	0.1	approxwf	TRUE	TRUE	TRUE	0.0164883790718195
10000	340	0.02	0.1	approxwf	TRUE	TRUE	TRUE	0.0189701242264817
10000	340	0.02	0.1	approxwf	TRUE	TRUE	TRUE	0.0155259328398445
10000	340	0.02	0.1	approxwf	FALSE	TRUE	TRUE	0.010974306937775
10000	340	0.02	0.1	approxwf	FALSE	FALSE	TRUE	0.00950896061736728
10000	340	0.02	0.1	approxwf	TRUE	TRUE	TRUE	0.01928254185693
10000	340	0.02	0.1	approxwf	TRUE	TRUE	TRUE	0.0203731859405694
10000	340	0.02	0.1	approxwf	TRUE	TRUE	TRUE	0.0217960344277157
10000	340	0.02	0.1	approxwf	TRUE	TRUE	TRUE	0.0173545244816722
10000	340	0.02	0.1	approxwf	TRUE	TRUE	TRUE	0.0302476404164461
10000	340	0.02	0.1	approxwf	TRUE	TRUE	TRUE	0.0142408520022283
10000	340	0.02	0.1	approxwf	TRUE	TRUE	TRUE	0.0220607328642711
10000	340	0.02	0.1	approxwf	TRUE	TRUE	TRUE	0.0203005531402214
10000	340	0.02	0.1	approxwf	TRUE	TRUE	TRUE	0.0194502296294486
10000	340	0.02	0.1	approxwf	FALSE	FALSE	TRUE	0.00948806208718942
10000	340	0.02	0.1	approxwf	TRUE	TRUE	TRUE	0.016569805383125
10000	340	0.02	0.1	approxwf	TRUE	TRUE	TRUE	0.0211619019449729
10000	340	0.02	0.1	approxwf	TRUE	TRUE	TRUE	0.0270150293335988
10000	340	0.02	0.1	approxwf	TRUE	TRUE	TRUE	0.013004304360288
10000	340	0.02	0.1	approxwf	TRUE	TRUE	TRUE	0.0240087270860035
10000	340	0.02	0.1	approxwf	TRUE	TRUE	TRUE	0.0209475311772649
10000	340	0.02	0.1	approxwf	TRUE	TRUE	TRUE	0.018811874698705
10000	340	0.02	0.1	approxwf	TRUE	TRUE	TRUE	0.0178624950354882
10000	340	0.02	0.1	approxwf	FALSE	FALSE	TRUE	0.0079447444875837
10000	340	0.02	0.1	approxwf	TRUE	TRUE	TRUE	0.0249239440267061
10000	340	0.02	0.1	approxwf	FALSE	TRUE	TRUE	0.0121220304340482
10000	340	0.02	0.1	approxwf	TRUE	TRUE	TRUE	0.0301781577924051
10000	340	0.02	0.1	approxwf	TRUE	TRUE	TRUE	0.0157705188514104
10000	340	0.02	0.1	approxwf	FALSE	TRUE	TRUE	0.0119604355510029
10000	340	0.02	0.1	approxwf	FALSE	TRUE	TRUE	0.0120890412156924
10000	340	0.02	0.1	approxwf	TRUE	TRUE	TRUE	0.0239485806668834
10000	340	0.02	0.1	approxwf	TRUE	TRUE	TRUE	0.0299832015286039
10000	340	0.02	0.1	approxwf	FALSE	TRUE	TRUE	0.00963871884927688
10000	340	0.02	0.1	approxwf	TRUE	TRUE	TRUE	0.0164579877959625
10000	340	0.02	0.1	approxwf	FALSE	TRUE	TRUE	0.0105068029192226
10000	340	0.02	0.1	approxwf	FALSE	TRUE	TRUE	0.0118126578201802
10000	340	0.02	0.1	approxwf	TRUE	TRUE	TRUE	0.0151829108421051
10000	340	0.02	0.1	approxwf	TRUE	TRUE	TRUE	0.0171729643023995
10000	340	0.02	0.1	approxwf	FALSE	TRUE	TRUE	0.0114263183230102
10000	340	0.02	0.1	approxwf	TRUE	TRUE	TRUE	0.0200776317607573
10000	340	0.02	0.1	approxwf	TRUE	TRUE	TRUE	0.0143407890995293
10000	340	0.02	0.1	approxwf	TRUE	TRUE	TRUE	0.0228760538311219
10000	340	0.02	0.1	approxwf	FALSE	TRUE	TRUE	0.0114875313926629
10000	340	0.02	0.1	approxwf	TRUE	TRUE	TRUE	0.0194391204327204
10000	340	0.02	0.1	approxwf	TRUE	TRUE	TRUE	0.0188672302371228
10000	340	0.02	0.1	approxwf	TRUE	TRUE	TRUE	0.0177830392041269
10000	340	0.02	0.1	approxwf	TRUE	TRUE	TRUE	0.0143617005442934
10000	340	0.02	0.1	approxwf	TRUE	TRUE	TRUE	0.0155649803883801
10000	340	0.02	0.1	approxwf	FALSE	FALSE	TRUE	0.008043389074973
10000	340	0.02	0.1	approxwf	TRUE	TRUE	TRUE	0.0329318326751651
10000	340	0.02	0.1	approxwf	TRUE	TRUE	TRUE	0.0185765225531291
10000	340	0.02	0.1	approxwf	TRUE	TRUE	TRUE	0.0242386141728229
10000	340	0.02	0.1	approxwf	FALSE	TRUE	TRUE	0.0116941732995145
10000	340	0.02	0.1	approxwf	TRUE	TRUE	TRUE	0.0300609191816344
10000	340	0.02	0.1	approxwf	TRUE	TRUE	TRUE	0.0204893541430141
10000	340	0.02	0.1	approxwf	TRUE	TRUE	TRUE	0.0262642086921203
10000	340	0.02	0.1	approxwf	TRUE	TRUE	TRUE	0.035488724324912
10000	340	0.02	0.1	approxwf	FALSE	FALSE	TRUE	0.00861537520851444
10000	340	0.02	0.1	approxwf	TRUE	TRUE	TRUE	0.0182441025182918
10000	340	0.02	0.1	approxwf	TRUE	TRUE	TRUE	0.0162346434698025
10000	340	0.02	0.1	approxwf	TRUE	TRUE	TRUE	0.0287406095968984
10000	340	0.02	0.1	approxwf	FALSE	FALSE	FALSE	0.00314014485740229
10000	340	0.02	0.1	approxwf	TRUE	TRUE	TRUE	0.0181395478788968
10000	340	0.02	0.1	approxwf	TRUE	TRUE	TRUE	0.0281277885450343
10000	340	0.02	0.1	approxwf	FALSE	TRUE	TRUE	0.011398331197789
10000	340	0.02	0.1	approxwf	TRUE	TRUE	TRUE	0.0180535143514437
10000	340	0.02	0.1	approxwf	TRUE	TRUE	TRUE	0.0203803086726768
10000	340	0.02	0.1	approxwf	TRUE	TRUE	TRUE	0.0204510647303667
10000	340	0.02	0.1	approxwf	FALSE	FALSE	TRUE	0.00914834405868314
10000	340	0.02	0.1	approxwf	TRUE	TRUE	TRUE	0.0218963955439545
10000	340	0.02	0.1	approxwf	TRUE	TRUE	TRUE	0.0144904460903223
10000	340	0.02	0.1	approxwf	TRUE	TRUE	TRUE	0.0178518040484305
10000	340	0.02	0.1	approxwf	TRUE	TRUE	TRUE	0.0230985075132503
10000	340	0.02	0.1	approxwf	TRUE	TRUE	TRUE	0.0231317876274528
10000	340	0.02	0.1	approxwf	TRUE	TRUE	TRUE	0.0177494306720309
10000	340	0.02	0.1	approxwf	TRUE	TRUE	TRUE	0.0192984468177807
10000	340	0.02	0.1	approxwf	TRUE	TRUE	TRUE	0.0125011464320937
10000	340	0.02	0.1	approxwf	TRUE	TRUE	TRUE	0.0137739735128718
10000	340	0.02	0.1	approxwf	TRUE	TRUE	TRUE	0.0172836357798545
10000	340	0.02	0.1	approxwf	FALSE	FALSE	TRUE	0.00874518777831765
10000	340	0.02	0.1	approxwf	FALSE	TRUE	TRUE	0.0135735440577045
10000	340	0.02	0.1	approxwf	TRUE	TRUE	TRUE	0.02369422707616
10000	340	0.02	0.1	approxwf	TRUE	TRUE	TRUE	0.0191479482872531
10000	340	0.02	0.1	approxwf	TRUE	TRUE	TRUE	0.0168146739023264
10000	340	0.02	0.1	approxwf	TRUE	TRUE	TRUE	0.0200785674178643
10000	340	0.02	0.1	approxwf	TRUE	TRUE	TRUE	0.0262126547203003
10000	340	0.02	0.1	approxwf	TRUE	TRUE	TRUE	0.0146256337597888
10000	340	0.02	0.1	approxwf	TRUE	TRUE	TRUE	0.0133820950702678
10000	340	0.02	0.1	approxwf	TRUE	TRUE	TRUE	0.0189324832931979
10000	340	0.02	0.1	approxwf	TRUE	TRUE	TRUE	0.0201034209548256
10000	340	0.02	0.1	approxwf	TRUE	TRUE	TRUE	0.0170237719795698
10000	340	0.02	0.1	approxwf	FALSE	TRUE	TRUE	0.0142972957094821
10000	340	0.02	0.1	approxwf	TRUE	TRUE	TRUE	0.0181331089160961
10000	340	0.02	0.1	approxwf	TRUE	TRUE	TRUE	0.0146665699703142
10000	340	0.02	0.1	approxwf	TRUE	TRUE	TRUE	0.024098415884324
10000	340	0.02	0.1	approxwf	TRUE	TRUE	TRUE	0.0195241456342186
10000	340	0.02	0.1	approxwf	FALSE	TRUE	TRUE	0.0116881634211279
10000	340	0.02	0.1	approxwf	FALSE	TRUE	TRUE	0.0111813307080285
10000	340	0.02	0.1	approxwf	TRUE	TRUE	TRUE	0.0132046835678122
10000	340	0.02	0.1	approxwf	FALSE	TRUE	TRUE	0.0136447057686469
10000	340	0.02	0.1	approxwf	TRUE	TRUE	TRUE	0.0220811566289624
10000	340	0.02	0.1	approxwf	FALSE	FALSE	TRUE	0.0063322782573806
10000	340	0.02	0.1	approxwf	TRUE	TRUE	TRUE	0.0192688800150466
10000	340	0.02	0.1	approxwf	TRUE	TRUE	TRUE	0.0265418315063731
10000	340	0.02	0.1	approxwf	TRUE	TRUE	TRUE	0.0148744859365482
10000	340	0.02	0.1	approxwf	TRUE	TRUE	TRUE	0.0179506872915064
10000	340	0.02	0.1	approxwf	TRUE	TRUE	TRUE	0.0129988561382256
10000	340	0.02	0.1	approxwf	TRUE	TRUE	TRUE	0.0170833855559524
10000	340	0.02	0.1	approxwf	FALSE	FALSE	TRUE	0.00590983919515049
10000	340	0.02	0.1	approxwf	FALSE	FALSE	TRUE	0.00913706423731242
10000	340	0.02	0.1	approxwf	TRUE	TRUE	TRUE	0.0339095901855999
10000	340	0.02	0.1	approxwf	TRUE	TRUE	TRUE	0.0196713860009491
10000	340	0.02	0.1	approxwf	TRUE	TRUE	TRUE	0.0356489302731995
10000	340	0.02	0.1	approxwf	TRUE	TRUE	TRUE	0.0128242021586054
10000	340	0.02	0.1	approxwf	TRUE	TRUE	TRUE	0.0121711658040539
10000	340	0.02	0.1	approxwf	FALSE	TRUE	TRUE	0.00996865856909639
10000	340	0.02	0.1	approxwf	TRUE	TRUE	TRUE	0.0203784669189129
10000	340	0.02	0.1	approxwf	TRUE	TRUE	TRUE	0.0126070909203944
10000	340	0.02	0.1	approxwf	TRUE	TRUE	TRUE	0.029658185086696
10000	340	0.02	0.1	approxwf	TRUE	TRUE	TRUE	0.0144058972689878
10000	340	0.02	0.1	approxwf	FALSE	TRUE	TRUE	0.0132493348453121
10000	340	0.02	0.1	approxwf	TRUE	TRUE	TRUE	0.0166556885073122
10000	340	0.02	0.1	approxwf	TRUE	TRUE	TRUE	0.0228337052840588
10000	340	0.02	0.1	approxwf	TRUE	TRUE	TRUE	0.0169951014356684
10000	340	0.02	0.1	approxwf	FALSE	FALSE	TRUE	0.00797618707894103
10000	340	0.02	0.1	approxwf	TRUE	TRUE	TRUE	0.0214737415786302
10000	340	0.02	0.1	approxwf	TRUE	TRUE	TRUE	0.0193296186562963
10000	340	0.02	0.1	approxwf	FALSE	FALSE	TRUE	0.0047163145296578
10000	340	0.02	0.1	approxwf	TRUE	TRUE	TRUE	0.0200148588011539
10000	340	0.02	0.1	approxwf	TRUE	TRUE	TRUE	0.0142822592148964
10000	340	0.02	0.1	approxwf	FALSE	TRUE	TRUE	0.0141961829841383
10000	340	0.02	0.1	approxwf	TRUE	TRUE	TRUE	0.0151069489393629
10000	340	0.02	0.1	approxwf	TRUE	TRUE	TRUE	0.0163776863154589
10000	340	0.02	0.1	approxwf	TRUE	TRUE	TRUE	0.023041452419277
10000	340	0.02	0.1	approxwf	TRUE	TRUE	TRUE	0.0185492811462857
10000	340	0.02	0.1	approxwf	TRUE	TRUE	TRUE	0.020492841199126
10000	340	0.02	0.1	approxwf	TRUE	TRUE	TRUE	0.0204212864457078
10000	340	0.02	0.1	approxwf	FALSE	TRUE	TRUE	0.01233754816772
10000	340	0.02	0.1	approxwf	TRUE	TRUE	TRUE	0.0236885066746069
10000	340	0.02	0.1	approxwf	TRUE	TRUE	TRUE	0.0173874483727916
10000	340	0.02	0.1	approxwf	TRUE	TRUE	TRUE	0.0186244214906773
10000	340	0.02	0.1	approxwf	FALSE	TRUE	TRUE	0.010361035536503
10000	340	0.02	0.1	approxwf	TRUE	TRUE	TRUE	0.0244696922232453
10000	340	0.02	0.1	approxwf	FALSE	TRUE	TRUE	0.0125221379329991
10000	340	0.02	0.1	approxwf	FALSE	FALSE	FALSE	0.00175919434621404
10000	340	0.02	0.1	approxwf	FALSE	TRUE	TRUE	0.0126703440857386
10000	340	0.02	0.1	approxwf	TRUE	TRUE	TRUE	0.0269735137207487
10000	340	0.02	0.1	approxwf	TRUE	TRUE	TRUE	0.0206229612785929
10000	340	0.02	0.1	approxwf	TRUE	TRUE	TRUE	0.0248219154022539
10000	340	0.02	0.1	approxwf	TRUE	TRUE	TRUE	0.0177404648427124
10000	340	0.02	0.1	approxwf	TRUE	TRUE	TRUE	0.0299336933613808
10000	340	0.02	0.1	approxwf	TRUE	TRUE	TRUE	0.0200255413755287
10000	340	0.02	0.1	approxwf	TRUE	TRUE	TRUE	0.0143823878155264
10000	340	0.02	0.1	approxwf	TRUE	TRUE	TRUE	0.0169035304260621
10000	340	0.02	0.1	approxwf	TRUE	TRUE	TRUE	0.0178400730353394
10000	340	0.02	0.1	approxwf	FALSE	FALSE	FALSE	0.00297381727727743
10000	340	0.02	0.1	approxwf	FALSE	FALSE	TRUE	0.0100440179389701
10000	340	0.02	0.1	approxwf	FALSE	FALSE	TRUE	0.00848717792328498
10000	340	0.02	0.1	approxwf	TRUE	TRUE	TRUE	0.0164548621372374
10000	340	0.02	0.1	approxwf	TRUE	TRUE	TRUE	0.0150568270398116
10000	340	0.02	0.1	approxwf	TRUE	TRUE	TRUE	0.0210994936235839
10000	340	0.02	0.1	approxwf	TRUE	TRUE	TRUE	0.0172202049919146
10000	340	0.02	0.1	approxwf	FALSE	TRUE	TRUE	0.00978331956526462
10000	340	0.02	0.1	approxwf	TRUE	TRUE	TRUE	0.0307720357282736
10000	340	0.02	0.1	approxwf	TRUE	TRUE	TRUE	0.0159116993049616
10000	340	0.02	0.1	approxwf	TRUE	TRUE	TRUE	0.0189625890851201
10000	340	0.02	0.1	approxwf	FALSE	TRUE	TRUE	0.0143967685846307
10000	340	0.02	0.1	approxwf	FALSE	FALSE	TRUE	0.00846626730510301
10000	340	0.02	0.1	approxwf	TRUE	TRUE	TRUE	0.0152746299782228
10000	340	0.02	0.1	approxwf	FALSE	TRUE	TRUE	0.0124845115464128
10000	340	0.02	0.1	approxwf	TRUE	TRUE	TRUE	0.019742161492428
10000	340	0.02	0.1	approxwf	FALSE	TRUE	TRUE	0.0133685054139963
10000	340	0.02	0.1	approxwf	FALSE	FALSE	TRUE	0.00863852542915922
10000	340	0.02	0.1	approxwf	TRUE	TRUE	TRUE	0.0242500184178318
10000	340	0.02	0.1	approxwf	TRUE	TRUE	TRUE	0.018572610210106
10000	340	0.02	0.1	approxwf	FALSE	TRUE	TRUE	0.00937171509860745
10000	340	0.02	0.1	approxwf	FALSE	TRUE	TRUE	0.00990493511755502
10000	340	0.02	0.1	approxwf	TRUE	TRUE	TRUE	0.0244690054672175
10000	340	0.02	0.1	approxwf	TRUE	TRUE	TRUE	0.0284302083266034
10000	340	0.02	0.1	approxwf	TRUE	TRUE	TRUE	0.0283959124271971
10000	340	0.02	0.1	approxwf	FALSE	TRUE	TRUE	0.0117937558181402
10000	340	0.02	0.1	approxwf	FALSE	FALSE	FALSE	0.00262236696908739
10000	340	0.02	0.1	approxwf	TRUE	TRUE	TRUE	0.013840334080388
10000	340	0.02	0.1	approxwf	TRUE	TRUE	TRUE	0.0227896474552047
10000	340	0.02	0.1	approxwf	TRUE	TRUE	TRUE	0.015258575093632
10000	340	0.02	0.1	approxwf	FALSE	TRUE	TRUE	0.0147406679874787
10000	340	0.02	0.1	approxwf	TRUE	TRUE	TRUE	0.0213879992828033
10000	340	0.02	0.1	approxwf	FALSE	FALSE	TRUE	0.0107943836160382
10000	340	0.02	0.1	approxwf	TRUE	TRUE	TRUE	0.0178203505327394
10000	340	0.02	0.1	approxwf	TRUE	TRUE	TRUE	0.0210502402787848
10000	340	0.02	0.1	approxwf	FALSE	FALSE	TRUE	0.0095245788641207
10000	340	0.02	0.1	approxwf	FALSE	FALSE	TRUE	0.00995423627863844
10000	340	0.02	0.1	approxwf	FALSE	TRUE	TRUE	0.0116719638637952
10000	340	0.02	0.1	approxwf	FALSE	TRUE	TRUE	0.0118866670460678
10000	340	0.02	0.1	approxwf	TRUE	TRUE	TRUE	0.0254709977033167
10000	340	0.02	0.1	approxwf	TRUE	TRUE	TRUE	0.0147756689864932
10000	340	0.02	0.1	approxwf	TRUE	TRUE	TRUE	0.0182768719219973
10000	340	0.02	0.1	approxwf	FALSE	FALSE	TRUE	0.00884535851257524
10000	340	0.02	0.1	approxwf	TRUE	TRUE	TRUE	0.0191165047229502
10000	340	0.02	0.1	approxwf	TRUE	TRUE	TRUE	0.0158146837268052
10000	340	0.02	0.1	approxwf	FALSE	TRUE	TRUE	0.00981605356756408
10000	340	0.02	0.1	approxwf	FALSE	TRUE	TRUE	0.0147991196155431
10000	340	0.02	0.1	approxwf	TRUE	TRUE	TRUE	0.0156328198982068
10000	340	0.02	0.1	approxwf	TRUE	TRUE	TRUE	0.0271542747743548
10000	340	0.02	0.1	approxwf	FALSE	TRUE	TRUE	0.0116266661620797
10000	340	0.02	0.1	approxwf	TRUE	TRUE	TRUE	0.0163371392091041
10000	340	0.02	0.1	approxwf	FALSE	FALSE	TRUE	0.00886560194524597
10000	340	0.02	0.1	approxwf	TRUE	TRUE	TRUE	0.0193323949814009
10000	340	0.02	0.1	approxwf	TRUE	TRUE	TRUE	0.0200016331111051
10000	340	0.02	0.1	approxwf	FALSE	FALSE	TRUE	0.00894737224405761
10000	340	0.02	0.1	approxwf	TRUE	TRUE	TRUE	0.0321019997903847
10000	340	0.02	0.1	approxwf	FALSE	TRUE	TRUE	0.0125202315318728
10000	340	0.02	0.1	approxwf	FALSE	TRUE	TRUE	0.0117770146898735
10000	340	0.02	0.1	approxwf	TRUE	TRUE	TRUE	0.0234206489679138
10000	340	0.02	0.1	approxwf	TRUE	TRUE	TRUE	0.0186171362155781
10000	340	0.02	0.1	approxwf	TRUE	TRUE	TRUE	0.0147536506095933
10000	340	0.02	0.1	approxwf	FALSE	FALSE	TRUE	0.00962440019740541
10000	340	0.02	0.1	approxwf	FALSE	TRUE	TRUE	0.0101074936734538
10000	340	0.02	0.1	approxwf	TRUE	TRUE	TRUE	0.0267708063577285
10000	340	0.02	0.1	approxwf	TRUE	TRUE	TRUE	0.0219603270089303
10000	340	0.02	0.1	approxwf	TRUE	TRUE	TRUE	0.0223420520712304
10000	340	0.02	0.1	approxwf	FALSE	FALSE	TRUE	0.00830356639858304
10000	340	0.02	0.1	approxwf	TRUE	TRUE	TRUE	0.0187204959502257
10000	340	0.02	0.1	approxwf	FALSE	TRUE	TRUE	0.0130983869994838
10000	340	0.02	0.1	approxwf	TRUE	TRUE	TRUE	0.0166756321593532
10000	340	0.02	0.1	approxwf	FALSE	FALSE	TRUE	0.00790711233947339
10000	340	0.02	0.1	approxwf	TRUE	TRUE	TRUE	0.0157654515363935
10000	340	0.02	0.1	approxwf	FALSE	TRUE	TRUE	0.0106083677942344
10000	340	0.02	0.1	approxwf	TRUE	TRUE	TRUE	0.0180970204445978
10000	340	0.02	0.1	approxwf	TRUE	TRUE	TRUE	0.0193303728761524
10000	340	0.02	0.1	approxwf	TRUE	TRUE	TRUE	0.027777435136312
10000	340	0.02	0.1	approxwf	FALSE	TRUE	TRUE	0.0115560029014602
10000	340	0.02	0.1	approxwf	TRUE	TRUE	TRUE	0.0138099752081895
10000	340	0.02	0.1	approxwf	TRUE	TRUE	TRUE	0.0154629876057066
10000	340	0.02	0.1	approxwf	TRUE	TRUE	TRUE	0.0232111079994438
10000	340	0.02	0.1	approxwf	FALSE	FALSE	TRUE	0.00893631408699502
10000	340	0.02	0.1	approxwf	TRUE	TRUE	TRUE	0.0172397390629112
10000	340	0.02	0.1	approxwf	TRUE	TRUE	TRUE	0.0218819305588925
10000	340	0.02	0.1	approxwf	TRUE	TRUE	TRUE	0.0183418088225257
10000	340	0.02	0.1	approxwf	TRUE	TRUE	TRUE	0.0132967715026514
10000	340	0.02	0.1	approxwf	TRUE	TRUE	TRUE	0.0185411874393658
10000	340	0.02	0.1	approxwf	TRUE	TRUE	TRUE	0.0184419578444719
10000	340	0.02	0.1	approxwf	TRUE	TRUE	TRUE	0.0207544283817665
10000	340	0.02	0.1	approxwf	FALSE	TRUE	TRUE	0.012087023684338
10000	340	0.02	0.1	approxwf	TRUE	TRUE	TRUE	0.0235040356584675
10000	340	0.02	0.1	approxwf	TRUE	TRUE	TRUE	0.025548145712383
10000	340	0.02	0.1	approxwf	TRUE	TRUE	TRUE	0.0321622827248123
10000	340	0.02	0.1	approxwf	TRUE	TRUE	TRUE	0.0238059059851471
10000	340	0.02	0.1	approxwf	TRUE	TRUE	TRUE	0.0182416738256575
10000	340	0.02	0.1	approxwf	TRUE	TRUE	TRUE	0.0254826740184218
10000	340	0.02	0.1	approxwf	FALSE	TRUE	TRUE	0.0111687567638353
10000	340	0.02	0.1	approxwf	TRUE	TRUE	TRUE	0.018639943028422
10000	340	0.02	0.1	approxwf	TRUE	TRUE	TRUE	0.0147509576861378
10000	340	0.02	0.1	approxwf	TRUE	TRUE	TRUE	0.0201431924297811
10000	340	0.02	0.1	approxwf	FALSE	TRUE	TRUE	0.0128760919182695
10000	340	0.02	0.1	approxwf	TRUE	TRUE	TRUE	0.0297255221050133
10000	340	0.02	0.1	approxwf	FALSE	TRUE	TRUE	0.0115375226265161
10000	340	0.02	0.1	approxwf	TRUE	TRUE	TRUE	0.0150369354023266
10000	340	0.02	0.1	approxwf	TRUE	TRUE	TRUE	0.0239168231479797
10000	340	0.02	0.1	approxwf	FALSE	FALSE	FALSE	0.00423194885556099
10000	340	0.02	0.1	approxwf	TRUE	TRUE	TRUE	0.0189737749021723
10000	340	0.02	0.1	approxwf	TRUE	TRUE	TRUE	0.0142237261278236
10000	340	0.02	0.1	approxwf	TRUE	TRUE	TRUE	0.0179009114221656
10000	340	0.02	0.1	approxwf	TRUE	TRUE	TRUE	0.0153536757100502
10000	340	0.02	0.1	approxwf	FALSE	FALSE	TRUE	0.00805965017843709
10000	340	0.02	0.1	approxwf	TRUE	TRUE	TRUE	0.0183102875071205
10000	340	0.02	0.1	approxwf	FALSE	FALSE	TRUE	0.00863613033269273
10000	340	0.02	0.1	approxwf	FALSE	TRUE	TRUE	0.0136880289514976
10000	340	0.02	0.1	approxwf	TRUE	TRUE	TRUE	0.0186372926154704
10000	340	0.02	0.1	approxwf	TRUE	TRUE	TRUE	0.0228926398391764
10000	340	0.02	0.1	approxwf	FALSE	TRUE	TRUE	0.0131925813192881
10000	340	0.02	0.1	approxwf	TRUE	TRUE	TRUE	0.0185680347451585
10000	340	0.02	0.1	approxwf	TRUE	TRUE	TRUE	0.0278486269850661
10000	340	0.02	0.1	approxwf	TRUE	TRUE	TRUE	0.019740993974877
10000	340	0.02	0.1	approxwf	TRUE	TRUE	TRUE	0.0161651180835949
10000	340	0.02	0.1	approxwf	FALSE	TRUE	TRUE	0.0105950811035677
10000	340	0.02	0.1	approxwf	TRUE	TRUE	TRUE	0.0283434177963631
10000	340	0.02	0.1	approxwf	FALSE	FALSE	TRUE	0.00782712913218045
10000	340	0.02	0.1	approxwf	FALSE	FALSE	TRUE	0.00707175601407427
10000	340	0.02	0.1	approxwf	TRUE	TRUE	TRUE	0.0245637202795888
10000	340	0.02	0.1	approxwf	FALSE	FALSE	FALSE	0.00172098956873866
10000	340	0.02	0.1	approxwf	TRUE	TRUE	TRUE	0.0176409649827056
10000	340	0.02	0.1	approxwf	FALSE	FALSE	TRUE	0.00604954456332466
10000	340	0.02	0.1	approxwf	TRUE	TRUE	TRUE	0.0130891426660549
10000	340	0.02	0.1	approxwf	TRUE	TRUE	TRUE	0.0147639968080776
10000	340	0.02	0.1	approxwf	TRUE	TRUE	TRUE	0.0213119949733229
10000	340	0.02	0.1	approxwf	FALSE	FALSE	TRUE	0.00987378721212203
10000	340	0.02	0.1	approxwf	TRUE	TRUE	TRUE	0.0145091108907664
10000	340	0.02	0.1	approxwf	TRUE	TRUE	TRUE	0.0147821848629674
10000	340	0.02	0.1	approxwf	FALSE	FALSE	TRUE	0.00770887432137551
10000	340	0.02	0.1	approxwf	TRUE	TRUE	TRUE	0.0154997729381005
10000	340	0.02	0.1	approxwf	TRUE	TRUE	TRUE	0.0266326966372546
10000	340	0.02	0.1	approxwf	TRUE	TRUE	TRUE	0.0172247512358572
10000	340	0.02	0.1	approxwf	TRUE	TRUE	TRUE	0.0194559321286653
10000	340	0.02	0.1	approxwf	TRUE	TRUE	TRUE	0.017215425687436
10000	340	0.02	0.1	approxwf	FALSE	TRUE	TRUE	0.0141322779998713
10000	340	0.02	0.1	approxwf	TRUE	TRUE	TRUE	0.0194121119714635
10000	340	0.02	0.1	approxwf	TRUE	TRUE	TRUE	0.0211483417830313
10000	340	0.02	0.1	approxwf	TRUE	TRUE	TRUE	0.0217086291694796
10000	340	0.02	0.1	approxwf	FALSE	FALSE	TRUE	0.0101920148569868
10000	340	0.02	0.1	approxwf	FALSE	FALSE	TRUE	0.00631880652787709
10000	340	0.02	0.1	approxwf	TRUE	TRUE	TRUE	0.0252553346543972
10000	340	0.02	0.1	approxwf	TRUE	TRUE	TRUE	0.023493502297126
10000	340	0.02	0.1	approxwf	TRUE	TRUE	TRUE	0.0173975220699579
10000	340	0.02	0.1	approxwf	FALSE	TRUE	TRUE	0.0113349303153686
10000	340	0.02	0.1	approxwf	TRUE	TRUE	TRUE	0.0144299247802735
10000	340	0.02	0.1	approxwf	TRUE	TRUE	TRUE	0.0192470849853723
10000	340	0.02	0.1	approxwf	TRUE	TRUE	TRUE	0.0157726550027857
10000	340	0.02	0.1	approxwf	FALSE	FALSE	TRUE	0.004194849880218
10000	340	0.02	0.1	approxwf	TRUE	TRUE	TRUE	0.0165745799909103
10000	340	0.02	0.1	approxwf	FALSE	FALSE	TRUE	0.00829739921743759
10000	340	0.02	0.1	approxwf	FALSE	FALSE	TRUE	0.00650317395418788
10000	340	0.02	0.1	approxwf	TRUE	TRUE	TRUE	0.0307846157831004
10000	340	0.02	0.1	approxwf	TRUE	TRUE	TRUE	0.0189545700571574
10000	340	0.02	0.1	approxwf	TRUE	TRUE	TRUE	0.0150668376120407
10000	340	0.02	0.1	approxwf	TRUE	TRUE	TRUE	0.0152204005109477
10000	340	0.02	0.1	approxwf	FALSE	FALSE	TRUE	0.00930506489205973
10000	340	0.02	0.1	approxwf	FALSE	TRUE	TRUE	0.0108895667489894
10000	340	0.02	0.1	approxwf	TRUE	TRUE	TRUE	0.0168142191610757
10000	340	0.02	0.1	approxwf	TRUE	TRUE	TRUE	0.0140313846838623
10000	340	0.02	0.1	approxwf	TRUE	TRUE	TRUE	0.0205936379097163
10000	340	0.02	0.1	approxwf	TRUE	TRUE	TRUE	0.0152854180242568
10000	340	0.02	0.1	approxwf	FALSE	TRUE	TRUE	0.0103580629306356
10000	340	0.02	0.1	approxwf	FALSE	FALSE	FALSE	0.00263054924448336
10000	340	0.02	0.1	approxwf	TRUE	TRUE	TRUE	0.0163927452277462
10000	340	0.02	0.1	approxwf	TRUE	TRUE	TRUE	0.0233345440314017
10000	340	0.02	0.1	approxwf	TRUE	TRUE	TRUE	0.0211629925042164
10000	340	0.02	0.1	approxwf	TRUE	TRUE	TRUE	0.0277068997528276
10000	340	0.02	0.1	approxwf	TRUE	TRUE	TRUE	0.013449013592445
10000	340	0.02	0.1	approxwf	TRUE	TRUE	TRUE	0.0233837975635899
10000	340	0.02	0.1	approxwf	TRUE	TRUE	TRUE	0.0166511422873809
10000	340	0.02	0.1	approxwf	TRUE	TRUE	TRUE	0.0182303323571515
10000	340	0.02	0.1	approxwf	FALSE	FALSE	TRUE	0.00751699348077502
10000	340	0.02	0.1	approxwf	TRUE	TRUE	TRUE	0.0202499188488627
10000	340	0.02	0.1	approxwf	TRUE	TRUE	TRUE	0.0257277707373647
10000	340	0.02	0.1	approxwf	FALSE	FALSE	TRUE	0.00889779099916855
10000	340	0.02	0.1	approxwf	TRUE	TRUE	TRUE	0.0231353152017284
10000	340	0.02	0.1	approxwf	TRUE	TRUE	TRUE	0.0270415782180598
10000	340	0.02	0.1	approxwf	TRUE	TRUE	TRUE	0.0267180163241456
10000	340	0.02	0.1	approxwf	TRUE	TRUE	TRUE	0.0197436317982118
10000	340	0.02	0.1	approxwf	FALSE	TRUE	TRUE	0.0106121821234958
10000	340	0.02	0.1	approxwf	TRUE	TRUE	TRUE	0.0188474757642934
10000	340	0.02	0.1	approxwf	TRUE	TRUE	TRUE	0.0147140858200125
10000	340	0.02	0.1	approxwf	TRUE	TRUE	TRUE	0.0356957787643971
10000	340	0.02	0.1	approxwf	TRUE	TRUE	TRUE	0.025862850439907
10000	340	0.02	0.1	approxwf	FALSE	TRUE	TRUE	0.0111903900409515
10000	340	0.02	0.1	approxwf	TRUE	TRUE	TRUE	0.023087121372976
10000	340	0.02	0.1	approxwf	TRUE	TRUE	TRUE	0.0199000705111374
10000	340	0.02	0.1	approxwf	TRUE	TRUE	TRUE	0.0298310335457932
10000	340	0.02	0.1	approxwf	TRUE	TRUE	TRUE	0.0165431581455098
10000	340	0.02	0.1	approxwf	FALSE	TRUE	TRUE	0.0108409537635264
10000	340	0.02	0.1	approxwf	TRUE	TRUE	TRUE	0.0226066567257089
10000	340	0.02	0.1	approxwf	TRUE	TRUE	TRUE	0.0190777971764706
10000	340	0.02	0.1	approxwf	TRUE	TRUE	TRUE	0.0187520250405144
10000	340	0.02	0.1	approxwf	TRUE	TRUE	TRUE	0.0130727661551897
10000	340	0.02	0.1	approxwf	TRUE	TRUE	TRUE	0.0220518269367511
10000	340	0.02	0.1	approxwf	FALSE	FALSE	TRUE	0.00920562829304764
10000	340	0.02	0.1	approxwf	TRUE	TRUE	TRUE	0.0176617020014006
10000	340	0.02	0.1	approxwf	TRUE	TRUE	TRUE	0.0180694874866576
10000	340	0.02	0.1	approxwf	FALSE	FALSE	TRUE	0.00623660461006144
10000	340	0.02	0.1	approxwf	TRUE	TRUE	TRUE	0.0150334956145059
10000	340	0.02	0.1	approxwf	TRUE	TRUE	TRUE	0.0209667862372554
10000	340	0.02	0.1	approxwf	TRUE	TRUE	TRUE	0.0271100385359896
10000	340	0.02	0.1	approxwf	TRUE	TRUE	TRUE	0.0163489382240033
10000	340	0.02	0.1	approxwf	FALSE	TRUE	TRUE	0.0109033848944522
10000	340	0.02	0.1	approxwf	TRUE	TRUE	TRUE	0.0227201831193874
10000	340	0.02	0.1	approxwf	TRUE	TRUE	TRUE	0.0174455079138537
10000	340	0.02	0.1	approxwf	TRUE	TRUE	TRUE	0.0215279829423965
10000	340	0.02	0.1	approxwf	FALSE	FALSE	TRUE	0.00692244086288326
10000	340	0.02	0.1	approxwf	TRUE	TRUE	TRUE	0.0227791439938079
10000	340	0.02	0.1	approxwf	FALSE	FALSE	TRUE	0.00903715933923067
10000	340	0.02	0.1	approxwf	FALSE	TRUE	TRUE	0.0114131502124043
10000	340	0.02	0.1	approxwf	TRUE	TRUE	TRUE	0.0226054670260039
10000	340	0.02	0.1	approxwf	FALSE	FALSE	TRUE	0.00504523834361197
10000	340	0.02	0.1	approxwf	FALSE	FALSE	FALSE	0.00237169778282869
10000	340	0.02	0.1	approxwf	TRUE	TRUE	TRUE	0.0253916398815716
10000	340	0.02	0.1	approxwf	TRUE	TRUE	TRUE	0.0259448425119146
10000	340	0.02	0.1	approxwf	FALSE	TRUE	TRUE	0.0124464393087527
10000	340	0.02	0.1	approxwf	TRUE	TRUE	TRUE	0.0185815093440126
10000	340	0.02	0.1	approxwf	TRUE	TRUE	TRUE	0.0191793969831053
10000	340	0.02	0.1	approxwf	TRUE	TRUE	TRUE	0.0215581098366391
10000	340	0.02	0.1	approxwf	TRUE	TRUE	TRUE	0.0202675084169115
10000	340	0.02	0.1	approxwf	TRUE	TRUE	TRUE	0.0231598306251951
10000	340	0.02	0.1	approxwf	TRUE	TRUE	TRUE	0.0171160549736808
10000	340	0.02	0.1	approxwf	FALSE	TRUE	TRUE	0.011936049645747
10000	340	0.02	0.1	approxwf	TRUE	TRUE	TRUE	0.017642891567554
10000	340	0.02	0.1	approxwf	TRUE	TRUE	TRUE	0.0378561557626211
10000	340	0.02	0.1	approxwf	TRUE	TRUE	TRUE	0.0210543391464504
10000	340	0.02	0.1	approxwf	TRUE	TRUE	TRUE	0.0163204490965157
10000	340	0.02	0.1	approxwf	TRUE	TRUE	TRUE	0.0172249100169713
10000	340	0.02	0.1	approxwf	TRUE	TRUE	TRUE	0.0210197117345921
10000	340	0.02	0.1	approxwf	TRUE	TRUE	TRUE	0.0152653980346711
10000	340	0.02	0.1	approxwf	TRUE	TRUE	TRUE	0.0175601965889844
10000	340	0.02	0.1	approxwf	TRUE	TRUE	TRUE	0.0242667993558356
10000	340	0.02	0.1	approxwf	FALSE	TRUE	TRUE	0.0129155507846628
10000	340	0.02	0.1	approxwf	TRUE	TRUE	TRUE	0.0195202029318096
10000	340	0.02	0.1	approxwf	TRUE	TRUE	TRUE	0.0281532989408927
10000	340	0.02	0.1	approxwf	TRUE	TRUE	TRUE	0.0222208565905373
10000	340	0.02	0.1	approxwf	TRUE	TRUE	TRUE	0.023940905637818
10000	340	0.02	0.1	approxwf	TRUE	TRUE	TRUE	0.0215692416284599
10000	340	0.02	0.1	approxwf	TRUE	TRUE	TRUE	0.0167542205749789
10000	340	0.02	0.1	approxwf	FALSE	FALSE	TRUE	0.0108518504841863
10000	340	0.02	0.1	approxwf	TRUE	TRUE	TRUE	0.0297631027800529
10000	340	0.02	0.1	approxwf	TRUE	TRUE	TRUE	0.0307061271337295
10000	340	0.02	0.1	approxwf	FALSE	TRUE	TRUE	0.0113252744800114
10000	340	0.02	0.1	approxwf	FALSE	FALSE	TRUE	0.00986417793961607
10000	340	0.02	0.1	approxwf	TRUE	TRUE	TRUE	0.0199387826740473
10000	340	0.02	0.1	approxwf	TRUE	TRUE	TRUE	0.0210397678797347
10000	340	0.02	0.1	approxwf	TRUE	TRUE	TRUE	0.0162713630360922
10000	340	0.02	0.1	approxwf	TRUE	TRUE	TRUE	0.0182087192809581
10000	340	0.02	0.1	approxwf	TRUE	TRUE	TRUE	0.0219746940562002
10000	340	0.02	0.1	approxwf	FALSE	TRUE	TRUE	0.0113409608450921
10000	340	0.02	0.1	approxwf	TRUE	TRUE	TRUE	0.0143480404155701
10000	340	0.02	0.1	approxwf	TRUE	TRUE	TRUE	0.0145286021040555
10000	340	0.02	0.1	approxwf	TRUE	TRUE	TRUE	0.0207448502348504
10000	340	0.02	0.1	approxwf	TRUE	TRUE	TRUE	0.0127305174403137
10000	340	0.02	0.1	approxwf	TRUE	TRUE	TRUE	0.0207177997185176
10000	340	0.02	0.1	approxwf	FALSE	FALSE	TRUE	0.011459237362307
10000	340	0.02	0.1	approxwf	FALSE	FALSE	TRUE	0.00855538261296023
10000	340	0.02	0.1	approxwf	FALSE	FALSE	TRUE	0.0079737694124749
10000	340	0.02	0.1	approxwf	TRUE	TRUE	TRUE	0.0190250184482408
10000	340	0.02	0.1	approxwf	FALSE	TRUE	TRUE	0.0107334785242002
10000	340	0.02	0.1	approxwf	TRUE	TRUE	TRUE	0.0191862037554452
10000	340	0.02	0.1	approxwf	FALSE	FALSE	FALSE	0.00394684777482909
10000	340	0.02	0.1	approxwf	FALSE	FALSE	TRUE	0.00814436980221495
10000	340	0.02	0.1	approxwf	FALSE	FALSE	FALSE	0.00350856049180948
10000	340	0.02	0.1	approxwf	TRUE	TRUE	TRUE	0.0135426450908519
10000	340	0.02	0.1	approxwf	TRUE	TRUE	TRUE	0.0166947029819637
10000	340	0.02	0.1	approxwf	TRUE	TRUE	TRUE	0.0181866580747853
10000	340	0.02	0.1	approxwf	TRUE	TRUE	TRUE	0.0133210034213815
10000	340	0.02	0.1	approxwf	TRUE	TRUE	TRUE	0.017821320611254
10000	340	0.02	0.1	approxwf	TRUE	TRUE	TRUE	0.0257396861695471
10000	340	0.02	0.1	approxwf	TRUE	TRUE	TRUE	0.0180975496818507
10000	340	0.02	0.1	approxwf	TRUE	TRUE	TRUE	0.0204869020213678
10000	340	0.02	0.1	approxwf	TRUE	TRUE	TRUE	0.0223410106754821
10000	340	0.02	0.1	approxwf	FALSE	TRUE	TRUE	0.0097807726398516
10000	340	0.02	0.1	approxwf	TRUE	TRUE	TRUE	0.0139597560917747
10000	340	0.02	0.1	approxwf	TRUE	TRUE	TRUE	0.0254323341854569
10000	340	0.02	0.1	approxwf	TRUE	TRUE	TRUE	0.0146160450481171
10000	340	0.02	0.1	approxwf	TRUE	TRUE	TRUE	0.0229704711294584
10000	340	0.02	0.1	approxwf	TRUE	TRUE	TRUE	0.0219748495550033
10000	340	0.02	0.1	approxwf	TRUE	TRUE	TRUE	0.021122064057012
10000	340	0.02	0.1	approxwf	TRUE	TRUE	TRUE	0.0235487198641757
10000	340	0.02	0.1	approxwf	TRUE	TRUE	TRUE	0.0235885112065489
10000	340	0.02	0.1	approxwf	FALSE	TRUE	TRUE	0.0129956911169398
10000	340	0.02	0.1	approxwf	TRUE	TRUE	TRUE	0.0139297315029987
10000	340	0.02	0.1	approxwf	FALSE	TRUE	TRUE	0.00935918394220929
10000	340	0.02	0.1	approxwf	FALSE	FALSE	TRUE	0.00928935353467824
10000	340	0.02	0.1	approxwf	TRUE	TRUE	TRUE	0.0165580414608202
10000	340	0.02	0.1	approxwf	TRUE	TRUE	TRUE	0.0146165456281192
10000	340	0.02	0.1	approxwf	TRUE	TRUE	TRUE	0.0189009175426354
10000	340	0.02	0.1	approxwf	TRUE	TRUE	TRUE	0.0181289607895399
10000	340	0.02	0.1	approxwf	TRUE	TRUE	TRUE	0.0288444264610429
10000	340	0.02	0.1	approxwf	FALSE	TRUE	TRUE	0.0125150301232225
10000	340	0.02	0.1	approxwf	FALSE	TRUE	TRUE	0.011439582753139
10000	340	0.02	0.1	approxwf	FALSE	FALSE	TRUE	0.00442209793586277
10000	340	0.02	0.1	approxwf	FALSE	FALSE	TRUE	0.00943158672141245
10000	340	0.02	0.1	approxwf	FALSE	FALSE	TRUE	0.00510597274040795
10000	340	0.02	0.1	approxwf	FALSE	FALSE	FALSE	0.00483066959860647
10000	340	0.02	0.1	approxwf	TRUE	TRUE	TRUE	0.0188588314777645
10000	340	0.02	0.1	approxwf	TRUE	TRUE	TRUE	0.0164963079175971
10000	340	0.02	0.1	approxwf	TRUE	TRUE	TRUE	0.0234142276882874
10000	340	0.02	0.1	approxwf	TRUE	TRUE	TRUE	0.0164566442318664
10000	340	0.02	0.1	approxwf	TRUE	TRUE	TRUE	0.0208336435086388
10000	340	0.02	0.1	approxwf	FALSE	FALSE	TRUE	0.00883442893115164
10000	340	0.02	0.1	approxwf	TRUE	TRUE	TRUE	0.0190932488151852
10000	340	0.02	0.1	approxwf	FALSE	TRUE	TRUE	0.0117728397769541
10000	340	0.02	0.1	approxwf	TRUE	TRUE	TRUE	0.0146151656210285
10000	340	0.02	0.1	approxwf	FALSE	TRUE	TRUE	0.0130131286530832
10000	340	0.02	0.1	approxwf	FALSE	TRUE	TRUE	0.0121808874825478
10000	340	0.02	0.1	approxwf	FALSE	TRUE	TRUE	0.00951365347610108
10000	340	0.02	0.1	approxwf	FALSE	FALSE	TRUE	0.00819710856059561
10000	340	0.02	0.1	approxwf	TRUE	TRUE	TRUE	0.0395498466007216
10000	340	0.02	0.1	approxwf	TRUE	TRUE	TRUE	0.0139422461564794
10000	340	0.02	0.1	approxwf	TRUE	TRUE	TRUE	0.016420144191413
10000	340	0.02	0.1	approxwf	TRUE	TRUE	TRUE	0.0130696558818007
10000	340	0.02	0.1	approxwf	TRUE	TRUE	TRUE	0.0247010277941584
10000	340	0.02	0.1	approxwf	TRUE	TRUE	TRUE	0.0129652205363082
10000	340	0.02	0.1	approxwf	TRUE	TRUE	TRUE	0.0203047403870109
10000	340	0.02	0.1	approxwf	TRUE	TRUE	TRUE	0.0206989200841812
10000	340	0.02	0.1	approxwf	FALSE	FALSE	TRUE	0.00971747092746002
10000	340	0.02	0.1	approxwf	TRUE	TRUE	TRUE	0.0243136357283197
10000	340	0.02	0.1	approxwf	TRUE	TRUE	TRUE	0.0162634106469335
10000	340	0.02	0.1	approxwf	TRUE	TRUE	TRUE	0.0156955758262761
10000	340	0.02	0.1	approxwf	FALSE	FALSE	TRUE	0.00924442549714945
10000	340	0.02	0.1	approxwf	FALSE	TRUE	TRUE	0.0119819916475954
10000	340	0.02	0.1	approxwf	TRUE	TRUE	TRUE	0.0139546104935675
10000	340	0.02	0.1	approxwf	FALSE	FALSE	TRUE	0.00907630153784329
10000	340	0.02	0.1	approxwf	FALSE	TRUE	TRUE	0.0120714419882754
10000	340	0.02	0.1	approxwf	TRUE	TRUE	TRUE	0.0214324171410111
10000	340	0.02	0.1	approxwf	TRUE	TRUE	TRUE	0.0154300548510549
10000	340	0.02	0.1	approxwf	FALSE	FALSE	TRUE	0.00672462778933144
10000	340	0.02	0.1	approxwf	TRUE	TRUE	TRUE	0.0201325366727889
10000	340	0.02	0.1	approxwf	TRUE	TRUE	TRUE	0.0318075491101681
10000	340	0.02	0.1	approxwf	FALSE	TRUE	TRUE	0.0110864015345052
10000	340	0.02	0.1	approxwf	FALSE	FALSE	TRUE	0.00912807012315821
10000	340	0.02	0.1	approxwf	TRUE	TRUE	TRUE	0.017815002518225
10000	340	0.02	0.1	approxwf	TRUE	TRUE	TRUE	0.0144391344921809
10000	340	0.02	0.1	approxwf	TRUE	TRUE	TRUE	0.0222105148198496
10000	340	0.02	0.1	approxwf	TRUE	TRUE	TRUE	0.0258197124146784
10000	340	0.02	0.1	approxwf	TRUE	TRUE	TRUE	0.0174748881858512
10000	340	0.02	0.1	approxwf	TRUE	TRUE	TRUE	0.0157549655128023
10000	340	0.02	0.1	approxwf	TRUE	TRUE	TRUE	0.0195972381792737
10000	340	0.02	0.1	approxwf	TRUE	TRUE	TRUE	0.0156490619018835
10000	340	0.02	0.1	approxwf	TRUE	TRUE	TRUE	0.0171779668712618
10000	340	0.02	0.1	approxwf	FALSE	FALSE	TRUE	0.00833899922778962
10000	340	0.02	0.1	approxwf	FALSE	FALSE	TRUE	0.0102183906071191
10000	340	0.02	0.1	approxwf	FALSE	FALSE	FALSE	0.0026020223972411
10000	340	0.02	0.1	approxwf	FALSE	TRUE	TRUE	0.0122717455083241
10000	340	0.02	0.1	approxwf	TRUE	TRUE	TRUE	0.0218436081327816
10000	340	0.02	0.1	approxwf	TRUE	TRUE	TRUE	0.0181933009842678
10000	340	0.02	0.1	approxwf	FALSE	TRUE	TRUE	0.0112930079775281
10000	340	0.02	0.1	approxwf	TRUE	TRUE	TRUE	0.024408403696958
10000	340	0.02	0.1	approxwf	FALSE	FALSE	TRUE	0.0067375597084998
10000	340	0.02	0.1	approxwf	TRUE	TRUE	TRUE	0.0196031126112947
10000	340	0.02	0.1	approxwf	TRUE	TRUE	TRUE	0.0257584675420563
10000	340	0.02	0.1	approxwf	FALSE	TRUE	TRUE	0.00987253325976105
10000	340	0.02	0.1	approxwf	TRUE	TRUE	TRUE	0.0180648760027318
10000	340	0.02	0.1	approxwf	FALSE	FALSE	TRUE	0.00830521509074564
10000	340	0.02	0.1	approxwf	TRUE	TRUE	TRUE	0.036697260271348
10000	340	0.02	0.1	approxwf	TRUE	TRUE	TRUE	0.0210406978281073
10000	340	0.02	0.1	approxwf	FALSE	TRUE	TRUE	0.00942287170190588
10000	340	0.02	0.1	approxwf	FALSE	FALSE	TRUE	0.00580758993656522
10000	340	0.02	0.1	approxwf	TRUE	TRUE	TRUE	0.0168703343017799
10000	340	0.02	0.1	approxwf	TRUE	TRUE	TRUE	0.0137976410747725
10000	340	0.02	0.1	approxwf	FALSE	TRUE	TRUE	0.0118148824349758
10000	340	0.02	0.1	approxwf	TRUE	TRUE	TRUE	0.0149371769680137
10000	340	0.02	0.1	approxwf	TRUE	TRUE	TRUE	0.0243671470246188
10000	340	0.02	0.1	approxwf	TRUE	TRUE	TRUE	0.0268128420315385
10000	340	0.02	0.1	approxwf	TRUE	TRUE	TRUE	0.0171388735320188
10000	340	0.02	0.1	approxwf	TRUE	TRUE	TRUE	0.0187308918808505
10000	340	0.02	0.1	approxwf	TRUE	TRUE	TRUE	0.0164330452183374
10000	340	0.02	0.1	approxwf	TRUE	TRUE	TRUE	0.0127664672383596
10000	340	0.02	0.1	approxwf	TRUE	TRUE	TRUE	0.0203370941181066
10000	340	0.02	0.1	approxwf	TRUE	TRUE	TRUE	0.0144547284997319
10000	340	0.02	0.1	approxwf	FALSE	FALSE	TRUE	0.00723674015474526
10000	340	0.02	0.1	approxwf	TRUE	TRUE	TRUE	0.0175462531141112
10000	340	0.02	0.1	approxwf	FALSE	FALSE	TRUE	0.00904603256000969
10000	340	0.02	0.1	approxwf	TRUE	TRUE	TRUE	0.01715897285102
10000	340	0.02	0.1	approxwf	TRUE	TRUE	TRUE	0.0223552418920674
10000	340	0.02	0.1	approxwf	TRUE	TRUE	TRUE	0.0187229815743052
10000	340	0.02	0.1	approxwf	TRUE	TRUE	TRUE	0.030961190893312
10000	340	0.02	0.1	approxwf	TRUE	TRUE	TRUE	0.0165689439156585
10000	340	0.02	0.1	approxwf	TRUE	TRUE	TRUE	0.0225652415109973
10000	340	0.02	0.1	approxwf	TRUE	TRUE	TRUE	0.014943168780987
10000	340	0.02	0.1	approxwf	FALSE	FALSE	TRUE	0.0130637111689988
10000	340	0.02	0.1	approxwf	TRUE	TRUE	TRUE	0.0220504027118696
10000	340	0.02	0.1	approxwf	TRUE	TRUE	TRUE	0.0214899564321199
10000	340	0.02	0.1	approxwf	TRUE	TRUE	TRUE	0.0203396170903341
10000	340	0.02	0.1	approxwf	TRUE	TRUE	TRUE	0.0155773117461662
10000	340	0.02	0.1	approxwf	TRUE	TRUE	TRUE	0.0222192102960091
10000	340	0.02	0.1	approxwf	FALSE	FALSE	TRUE	0.00568383950395928
10000	340	0.02	0.1	approxwf	TRUE	TRUE	TRUE	0.0229624720088665
10000	340	0.02	0.1	approxwf	FALSE	TRUE	TRUE	0.0112008066453044
10000	340	0.02	0.1	approxwf	FALSE	FALSE	TRUE	0.00862836062912983
10000	340	0.02	0.1	approxwf	TRUE	TRUE	TRUE	0.0265773740769451
10000	340	0.02	0.1	approxwf	TRUE	TRUE	TRUE	0.016026110194082
10000	340	0.02	0.1	approxwf	TRUE	TRUE	TRUE	0.0180348147424886
10000	340	0.02	0.1	approxwf	FALSE	FALSE	FALSE	0.00312681576800845
10000	340	0.02	0.1	approxwf	TRUE	TRUE	TRUE	0.0204493716783766
10000	340	0.02	0.1	approxwf	TRUE	TRUE	TRUE	0.0247349574693056
10000	340	0.02	0.1	approxwf	TRUE	TRUE	TRUE	0.0193535876217701
10000	340	0.02	0.1	approxwf	TRUE	TRUE	TRUE	0.0209490788953756
10000	340	0.02	0.1	approxwf	FALSE	TRUE	TRUE	0.0107834924217542
10000	340	0.02	0.1	approxwf	FALSE	TRUE	TRUE	0.0123523221150303
10000	340	0.02	0.1	approxwf	FALSE	FALSE	TRUE	0.00640964660671691
10000	340	0.02	0.1	approxwf	TRUE	TRUE	TRUE	0.0154413072790093
10000	340	0.02	0.1	approxwf	TRUE	TRUE	TRUE	0.0185594237103742
10000	340	0.02	0.1	approxwf	TRUE	TRUE	TRUE	0.0210312105111848
10000	340	0.02	0.1	approxwf	TRUE	TRUE	TRUE	0.0161450300922499
10000	340	0.02	0.1	approxwf	FALSE	TRUE	TRUE	0.0110176962245588
10000	340	0.02	0.1	approxwf	FALSE	TRUE	TRUE	0.0108258624936734
10000	340	0.02	0.1	approxwf	FALSE	TRUE	TRUE	0.0145488525696346
10000	340	0.02	0.1	approxwf	FALSE	TRUE	TRUE	0.0115248807013616
10000	340	0.02	0.1	approxwf	TRUE	TRUE	TRUE	0.0261789063212359
10000	340	0.02	0.1	approxwf	TRUE	TRUE	TRUE	0.0233914294790043
10000	340	0.02	0.1	approxwf	TRUE	TRUE	TRUE	0.0154334514491823
10000	340	0.02	0.1	approxwf	TRUE	TRUE	TRUE	0.0238772665540233
10000	340	0.02	0.1	approxwf	FALSE	FALSE	TRUE	0.00892362705703696
10000	340	0.02	0.1	approxwf	FALSE	FALSE	TRUE	0.00859763464822022
10000	340	0.02	0.1	approxwf	FALSE	TRUE	TRUE	0.0115176381721523
10000	340	0.02	0.1	approxwf	TRUE	TRUE	TRUE	0.0196943569417107
10000	340	0.02	0.1	approxwf	TRUE	TRUE	TRUE	0.0216385078119994
10000	340	0.02	0.1	approxwf	TRUE	TRUE	TRUE	0.0205749546132812
10000	340	0.02	0.1	approxwf	FALSE	TRUE	TRUE	0.0142167822804341
10000	340	0.02	0.1	approxwf	TRUE	TRUE	TRUE	0.020566394562326
10000	340	0.02	0.1	approxwf	TRUE	TRUE	TRUE	0.0214844632986469
10000	340	0.02	0.1	approxwf	TRUE	TRUE	TRUE	0.0158315533446842
10000	340	0.02	0.1	approxwf	TRUE	TRUE	TRUE	0.0261526086480386
10000	340	0.02	0.1	approxwf	FALSE	TRUE	TRUE	0.012814242055144
10000	340	0.02	0.1	approxwf	FALSE	FALSE	TRUE	0.00959350404452098
10000	340	0.02	0.1	approxwf	TRUE	TRUE	TRUE	0.0147891726114701
10000	340	0.02	0.1	approxwf	TRUE	TRUE	TRUE	0.0124533004855979
10000	340	0.02	0.1	approxwf	FALSE	FALSE	TRUE	0.00591583357752029
10000	340	0.02	0.1	approxwf	TRUE	TRUE	TRUE	0.0132567382437318
10000	340	0.02	0.1	approxwf	TRUE	TRUE	TRUE	0.0422048129060975
10000	340	0.02	0.1	approxwf	TRUE	TRUE	TRUE	0.0230362873449202
10000	340	0.02	0.1	approxwf	TRUE	TRUE	TRUE	0.0145518690890649
10000	340	0.02	0.1	approxwf	FALSE	TRUE	TRUE	0.0103269566442449
10000	340	0.02	0.1	approxwf	TRUE	TRUE	TRUE	0.0156004641985791
10000	340	0.02	0.1	approxwf	FALSE	TRUE	TRUE	0.0113636445389322
10000	340	0.02	0.1	approxwf	TRUE	TRUE	TRUE	0.0284657127569978
10000	340	0.02	0.1	approxwf	TRUE	TRUE	TRUE	0.020168990378501
10000	340	0.02	0.1	approxwf	TRUE	TRUE	TRUE	0.0124235480721905
10000	340	0.02	0.1	approxwf	TRUE	TRUE	TRUE	0.0236692576767594
10000	340	0.02	0.1	approxwf	TRUE	TRUE	TRUE	0.0196800799861042
10000	340	0.02	0.1	approxwf	TRUE	TRUE	TRUE	0.027604679622596
10000	340	0.02	0.1	approxwf	TRUE	TRUE	TRUE	0.0233955880356413
10000	340	0.02	0.1	approxwf	FALSE	TRUE	TRUE	0.0108603280555951
10000	340	0.02	0.1	approxwf	TRUE	TRUE	TRUE	0.0141773692130947
10000	340	0.02	0.1	approxwf	TRUE	TRUE	TRUE	0.0162609486258892
10000	340	0.02	0.1	approxwf	FALSE	FALSE	TRUE	0.00940205539511372
10000	340	0.02	0.1	approxwf	TRUE	TRUE	TRUE	0.0242041724417921
10000	340	0.02	0.1	approxwf	FALSE	TRUE	TRUE	0.0137194661108837
10000	340	0.02	0.1	approxwf	TRUE	TRUE	TRUE	0.0194608796012993
10000	340	0.02	0.1	approxwf	FALSE	FALSE	FALSE	7.99622548403739e-05
10000	340	0.02	0.1	approxwf	FALSE	FALSE	FALSE	-0.00258610438668892
10000	340	0.02	0.1	approxwf	FALSE	TRUE	TRUE	0.0121135080552844
10000	340	0.02	0.1	approxwf	FALSE	FALSE	TRUE	0.00558968407369374
10000	340	0.02	0.1	approxwf	TRUE	TRUE	TRUE	0.0219953914737687
10000	340	0.02	0.1	approxwf	TRUE	TRUE	TRUE	0.0154131653618536
10000	340	0.02	0.1	approxwf	TRUE	TRUE	TRUE	0.0282731446033833
10000	340	0.02	0.1	approxwf	TRUE	TRUE	TRUE	0.0226082448123327
10000	340	0.02	0.1	approxwf	FALSE	FALSE	TRUE	0.0101587731378979
10000	340	0.02	0.1	approxwf	TRUE	TRUE	TRUE	0.0202310177541412
10000	340	0.02	0.1	approxwf	TRUE	TRUE	TRUE	0.0240978095826003
10000	340	0.02	0.1	approxwf	FALSE	FALSE	TRUE	0.00759190187199372
10000	340	0.02	0.1	approxwf	TRUE	TRUE	TRUE	0.0150927228948548
10000	340	0.02	0.1	approxwf	FALSE	FALSE	TRUE	0.00437082018892311
10000	340	0.02	0.1	approxwf	TRUE	TRUE	TRUE	0.0260047059997288
10000	340	0.02	0.1	approxwf	TRUE	TRUE	TRUE	0.0213673897207959
10000	340	0.02	0.1	approxwf	TRUE	TRUE	TRUE	0.0129248688198028
10000	340	0.02	0.1	approxwf	FALSE	TRUE	TRUE	0.0114756076074047
10000	340	0.02	0.1	approxwf	TRUE	TRUE	TRUE	0.014378110300603
10000	340	0.02	0.1	approxwf	TRUE	TRUE	TRUE	0.0200696716414131
10000	340	0.02	0.1	approxwf	FALSE	TRUE	TRUE	0.0110038305830517
10000	340	0.02	0.1	approxwf	TRUE	TRUE	TRUE	0.0236433803136755
10000	340	0.02	0.1	approxwf	TRUE	TRUE	TRUE	0.0174280770135971
10000	340	0.02	0.1	approxwf	TRUE	TRUE	TRUE	0.021088295714383
10000	340	0.02	0.1	approxwf	TRUE	TRUE	TRUE	0.0212302666532452
10000	340	0.02	0.1	approxwf	TRUE	TRUE	TRUE	0.0184978476458837
10000	340	0.02	0.1	approxwf	TRUE	TRUE	TRUE	0.026460211391954
10000	340	0.02	0.1	approxwf	TRUE	TRUE	TRUE	0.0158422004724985
10000	340	0.02	0.1	approxwf	TRUE	TRUE	TRUE	0.0248465385753606
10000	340	0.02	0.1	approxwf	TRUE	TRUE	TRUE	0.0237993847801141
10000	340	0.02	0.1	approxwf	FALSE	FALSE	FALSE	0.00247030511260331
10000	340	0.02	0.1	approxwf	TRUE	TRUE	TRUE	0.0290974799775951
10000	340	0.02	0.1	approxwf	TRUE	TRUE	TRUE	0.0302898083639646
10000	340	0.02	0.1	approxwf	TRUE	TRUE	TRUE	0.0268630325911677
10000	340	0.02	0.1	approxwf	TRUE	TRUE	TRUE	0.0164056528373807
10000	340	0.02	0.1	approxwf	TRUE	TRUE	TRUE	0.0182851858384549
10000	340	0.02	0.1	approxwf	TRUE	TRUE	TRUE	0.0184177323619968
10000	340	0.02	0.1	approxwf	TRUE	TRUE	TRUE	0.0205460334273493
10000	340	0.02	0.1	approxwf	FALSE	TRUE	TRUE	0.010828080875475
10000	340	0.02	0.1	approxwf	TRUE	TRUE	TRUE	0.0141145690965037
10000	340	0.02	0.1	approxwf	TRUE	TRUE	TRUE	0.0234111580161593
10000	340	0.02	0.1	approxwf	FALSE	FALSE	TRUE	0.00871264714039568
10000	340	0.02	0.1	approxwf	TRUE	TRUE	TRUE	0.0181124615228688
10000	340	0.02	0.1	approxwf	TRUE	TRUE	TRUE	0.0232819227780999
10000	340	0.02	0.1	approxwf	TRUE	TRUE	TRUE	0.0159670533552109
10000	340	0.02	0.1	approxwf	TRUE	TRUE	TRUE	0.0154360053464706
10000	340	0.02	0.1	approxwf	TRUE	TRUE	TRUE	0.020569991145386
10000	340	0.02	0.1	approxwf	TRUE	TRUE	TRUE	0.0235120516015465
10000	340	0.02	0.1	approxwf	TRUE	TRUE	TRUE	0.0178625312614875
10000	340	0.02	0.1	approxwf	TRUE	TRUE	TRUE	0.0177516114423727
10000	340	0.02	0.1	approxwf	TRUE	TRUE	TRUE	0.0257075865203382
10000	340	0.02	0.1	approxwf	TRUE	TRUE	TRUE	0.0198690604207695
10000	340	0.02	0.1	approxwf	TRUE	TRUE	TRUE	0.0221871359180158
10000	340	0.02	0.1	approxwf	TRUE	TRUE	TRUE	0.0247414934510939
10000	340	0.02	0.1	approxwf	TRUE	TRUE	TRUE	0.027086205636332
10000	340	0.02	0.1	approxwf	TRUE	TRUE	TRUE	0.0155617816967936
10000	340	0.02	0.1	approxwf	TRUE	TRUE	TRUE	0.0161285103145222
10000	340	0.02	0.1	approxwf	TRUE	TRUE	TRUE	0.0203948554802105
10000	340	0.02	0.1	approxwf	TRUE	TRUE	TRUE	0.0193206366333833
10000	340	0.02	0.1	approxwf	FALSE	FALSE	TRUE	0.00954337629195595
10000	340	0.02	0.1	approxwf	FALSE	TRUE	TRUE	0.0103601189053307
10000	340	0.02	0.1	approxwf	FALSE	FALSE	FALSE	0.00202834446985255
10000	340	0.02	0.1	approxwf	TRUE	TRUE	TRUE	0.0162191678112185
10000	340	0.02	0.1	approxwf	TRUE	TRUE	TRUE	0.0177258709140807
10000	340	0.02	0.1	approxwf	TRUE	TRUE	TRUE	0.0140813213843077
10000	340	0.02	0.1	approxwf	TRUE	TRUE	TRUE	0.0205990373782748
10000	340	0.02	0.1	approxwf	TRUE	TRUE	TRUE	0.0140154041328983
10000	340	0.02	0.1	approxwf	FALSE	FALSE	TRUE	0.00526691137528128
10000	340	0.02	0.1	approxwf	TRUE	TRUE	TRUE	0.0170070397472807
10000	340	0.02	0.1	approxwf	TRUE	TRUE	TRUE	0.019240404072284
10000	340	0.02	0.1	approxwf	TRUE	TRUE	TRUE	0.0200973891220544
10000	340	0.02	0.1	approxwf	TRUE	TRUE	TRUE	0.0310589145773488
10000	340	0.02	0.1	approxwf	TRUE	TRUE	TRUE	0.0237375628023104
10000	340	0.02	0.1	approxwf	TRUE	TRUE	TRUE	0.0176201514437075
10000	340	0.02	0.1	approxwf	FALSE	TRUE	TRUE	0.0138566332793669
10000	340	0.02	0.1	approxwf	TRUE	TRUE	TRUE	0.0150217256139486
10000	340	0.02	0.1	approxwf	TRUE	TRUE	TRUE	0.0164665472960995
10000	340	0.02	0.1	approxwf	FALSE	TRUE	TRUE	0.0116170928339749
10000	340	0.02	0.1	approxwf	FALSE	FALSE	TRUE	0.00987933455836683
10000	340	0.02	0.1	approxwf	TRUE	TRUE	TRUE	0.0225906048298244
10000	340	0.02	0.1	approxwf	TRUE	TRUE	TRUE	0.0200230095654759
10000	340	0.02	0.1	approxwf	TRUE	TRUE	TRUE	0.0402907257031959
10000	340	0.02	0.1	approxwf	TRUE	TRUE	TRUE	0.0156787853439706
10000	340	0.02	0.1	approxwf	TRUE	TRUE	TRUE	0.014337750509671
10000	340	0.02	0.1	approxwf	FALSE	FALSE	FALSE	0.00277374722290523
10000	340	0.02	0.1	approxwf	TRUE	TRUE	TRUE	0.0163577325988343
10000	340	0.02	0.1	approxwf	TRUE	TRUE	TRUE	0.0137113361178424
10000	340	0.02	0.1	approxwf	FALSE	FALSE	TRUE	0.00801883141330327
10000	340	0.02	0.1	approxwf	TRUE	TRUE	TRUE	0.0199957338489735
10000	340	0.02	0.1	approxwf	TRUE	TRUE	TRUE	0.0183851848516368
10000	340	0.02	0.1	approxwf	TRUE	TRUE	TRUE	0.013652364597392
10000	340	0.02	0.1	approxwf	TRUE	TRUE	TRUE	0.0302144319402321
10000	340	0.02	0.1	approxwf	FALSE	TRUE	TRUE	0.0114550846455816
10000	340	0.02	0.1	approxwf	TRUE	TRUE	TRUE	0.0156417456396884
10000	340	0.02	0.1	approxwf	FALSE	FALSE	FALSE	-0.000368976293346979
10000	340	0.02	0.1	approxwf	FALSE	FALSE	TRUE	0.00872755436712587
10000	340	0.02	0.1	approxwf	TRUE	TRUE	TRUE	0.0181186153664061
10000	340	0.02	0.1	approxwf	FALSE	TRUE	TRUE	0.0146325476011047
10000	340	0.02	0.1	approxwf	TRUE	TRUE	TRUE	0.0245234452170667
10000	340	0.02	0.1	approxwf	TRUE	TRUE	TRUE	0.0221992723836685
10000	340	0.02	0.1	approxwf	TRUE	TRUE	TRUE	0.0245114003909398
10000	340	0.02	0.1	approxwf	TRUE	TRUE	TRUE	0.0170362938105467
10000	340	0.02	0.1	approxwf	TRUE	TRUE	TRUE	0.0139019879976411
